Raw data											
4/15											
system	schedule	pp	ep	zero_stage	iter_time_mean	iter_time_stddev	peak_memory_gb_by_rank				
piper	1f1b	4	1	0	1.632	0.008	18.557/16.237/16.237/18.557				
piper	1f1b	4	2	0	oom						
piper	1f1b	4	2	2	3.285	0.026	9.635/8.186/8.186/9.635/9.635/8.186/8.186/9.635				
piper	1f1b	4	2	3	4.725	0.020	11.163/10.129/10.129/11.664/11.163/10.129/10.129/11.664				
piper	1f1b	4	4	0	oom						
piper	1f1b	4	4	2	4.248	0.021	9.115/8.101/8.101/9.115/9.115/8.101/8.101/9.115/9.115/8.101/8.101/9.115/9.115/8.101/8.101/9.115				
piper	1f1b	4	4	3	6.572	0.022	10.469/10.016/10.015/10.972/10.469/10.016/10.015/10.972/10.469/10.016/10.015/10.972/10.469/10.016/10.016/10.972				
piper	1f1b	8	1	0	1.965	0.011	10.447/8.127/8.127/8.127/8.127/8.127/8.127/10.447				
piper	1f1b	8	2	0	3.959	0.087	10.447/8.127/8.127/8.127/8.127/8.127/8.127/10.447/10.447/8.127/8.127/8.127/8.127/8.127/8.127/10.447				
piper	1f1b	8	2	2	3.909	0.285	5.551/4.102/4.102/4.102/4.102/4.102/4.102/5.551/5.551/4.102/4.102/4.102/4.102/4.102/4.102/5.551				
piper	1f1b	8	2	3	5.701	0.091	6.733/5.824/5.824/5.824/5.825/5.824/5.824/7.736/6.733/5.824/5.824/5.824/5.825/5.824/5.824/7.736				
piper	1f1b	8	4	0	5.058	0.114	10.447/8.127/8.127/8.127/8.127/8.127/8.127/10.447/10.447/8.127/8.127/8.127/8.127/8.127/8.127/10.447/10.447/8.127/8.127/8.127/8.127/8.127/8.127/10.447/10.447/8.127/8.127/8.127/8.127/8.127/8.127/10.447				
piper	1f1b	8	4	2	4.928	0.267	5.073/4.059/4.059/4.059/4.059/4.059/4.059/5.073/5.073/4.059/4.059/4.059/4.059/4.059/4.059/5.073/5.073/4.059/4.059/4.059/4.059/4.059/4.059/5.073/5.073/4.059/4.059/4.059/4.059/4.059/4.059/5.073				
piper	1f1b	8	4	3	7.772	0.091	6.097/5.765/5.766/5.765/5.766/5.765/5.766/7.098/6.097/5.765/5.766/5.765/5.766/5.765/5.766/7.098/6.097/5.765/5.766/5.765/5.766/5.765/5.766/7.098/6.097/5.765/5.766/5.765/5.766/5.766/5.766/7.098				
torchtitan	1f1b	4	1	3	1.501	0.011	23.95/22.52/17.42/16.53				
torchtitan	1f1b	4	2	3	3.857	0.084	30.51/25.42/19.87/19.17				
torchtitan	1f1b	4	4	3	6.079	0.044	22.57/19.72/13.99/15.31				
torchtitan	1f1b	8	1	3	1.749	0.005	20.06/22.63/15.68/13.99/12.29/10.60/8.98/8.79				
torchtitan	1f1b	8	2	3	4.388	0.033	24.07/26.86/15.29/17.75/15.38/13.64/10.63/12.85				
torchtitan	1f1b	8	4	3	6.804	0.067	18.35/16.44/12.69/17.44/12.72/8.75/9.76/9.79				
											
4/16											
system	schedule	pp	dp	zero_stage	gradient_accumulation	ar_a2a_same_stream	overlap_zero_ops	iter_time_mean	iter_time_stddev	peak_memory_gb_by_rank	
piper	1f1b	8	2	2	0	0	0	3.177	0.110	5.551/4.102/4.102/4.102/4.102/4.102/4.102/5.551/5.551/4.102/4.102/4.102/4.102/4.102/4.102/5.551	
piper	1f1b	8	2	2	0	1	0	3.136	0.115	5.551/4.102/4.102/4.102/4.102/4.102/4.102/5.551/5.551/4.102/4.102/4.102/4.102/4.102/4.102/5.551	
piper	1f1b	8	2	2	1	0	0	2.655	0.171	5.551/4.102/4.102/4.102/4.102/4.102/4.102/5.551/5.551/4.102/4.102/4.102/4.102/4.102/4.102/5.551	
piper	1f1b	8	2	2	1	1	0	2.646	0.082	5.551/4.102/4.102/4.102/4.102/4.102/4.102/5.551/5.551/4.102/4.102/4.102/4.102/4.102/4.102/5.551	
piper	1f1b	8	2	3	0	0	0	4.231	0.108	6.733/5.824/5.824/5.824/5.825/5.824/5.824/7.736/6.733/5.824/5.824/5.824/5.825/5.824/5.824/7.736	
piper	1f1b	8	2	3	0	1	0	4.297	0.150	6.733/5.824/5.824/5.824/5.825/5.824/5.824/7.736/6.733/5.824/5.824/5.824/5.825/5.824/5.824/7.736	
piper	1f1b	8	2	3	1	0	0	3.662	0.236	6.733/5.824/5.824/5.824/5.825/5.824/5.824/7.736/6.733/5.824/5.824/5.824/5.825/5.824/5.824/7.736	
piper	1f1b	8	2	3	1	1	0	3.670	0.191	6.733/5.824/5.824/5.824/5.825/5.824/5.824/7.736/6.733/5.824/5.824/5.824/5.825/5.824/5.824/7.736	
piper	1f1b	8	2	2	0	1	0	3.136	0.115	5.551/4.102/4.102/4.102/4.102/4.102/4.102/5.551/5.551/4.102/4.102/4.102/4.102/4.102/4.102/5.551	
piper	dualpipev	8	2	2	0	1	0	2.295	0.101	5.640/2.741/2.741/2.741/2.741/2.741/2.741/2.772/5.640/2.741/2.741/2.741/2.741/2.741/2.741/2.772	
piper	interleaved-1f1b	8	2	2	0	1	0	2.197	0.045	4.190/2.741/2.741/2.741/2.741/2.741/2.741/4.191/4.190/2.741/2.741/2.741/2.741/2.741/2.741/4.191	
piper	1f1b	8	2	3	0	1	0	4.297	0.150	6.733/5.824/5.824/5.824/5.825/5.824/5.824/7.736/6.733/5.824/5.824/5.824/5.825/5.824/5.824/7.736	
piper	dualpipev	8	2	3	0	1	0	4.800	0.022	5.541/2.971/2.971/2.971/2.971/2.971/2.971/2.971/5.541/2.971/2.971/2.971/2.971/2.971/2.971/2.971	
piper	interleaved-1f1b	8	2	3	0	1	0	3.589	0.013	4.005/2.971/2.971/2.971/2.971/2.971/2.971/4.509/4.005/2.971/2.971/2.971/2.971/2.971/2.971/4.509	
piper	1f1b	8	2	3	0	1	0	4.297	0.150	6.733/5.824/5.824/5.824/5.825/5.824/5.824/7.736/6.733/5.824/5.824/5.824/5.825/5.824/5.824/7.736	
piper	1f1b	8	2	3	0	1	1	4.120	0.157	6.733/5.824/5.824/5.824/5.825/5.824/5.824/7.736/6.733/5.824/5.824/5.824/5.825/5.824/5.824/7.736	
											
											
memory discrepancy											
system	schedule	pp	ep	zero_stage	iter_time_mean	iter_time_stddev	peak_memory_gb_by_rank				
piper	1f1b	4	1	na	1.632	0.008	18.557/16.237/16.237/18.557				
torchtitan	1f1b	4	1	na	1.501	0.011	23.95/22.52/17.42/16.53				
piper	1f1b	4	2	3	3.285	0.026	9.635/8.186/8.186/9.635/9.635/8.186/8.186/9.635				
torchtitan	1f1b	4	2	3	3.857	0.084	30.51/25.42/19.87/19.17				
											
											
Overlap ZeRO communication											
system	schedule	pp	ep	zero_stage	gradient_accumulation	ar_a2a_same_stream	overlap_zero	iter_time_mean			
piper	1f1b	8	2	3	0	1	0	4.297			
piper	1f1b	8	2	3	0	1	1	4.120			
											
											
											
Gradient accumulation											
system	schedule	pp	ep	zero_stage	gradient_accumulation	ar_a2a_same_stream	iter_time_mean				
piper	1f1b	8	2	2	0	1	3.136				
piper	1f1b	8	2	2	1	1	2.646				
piper	1f1b	8	2	3	0	1	4.297				
piper	1f1b	8	2	3	1	1	3.670				
											
											
Stream sharing											
system	schedule	pp	ep	zero_stage	gradient_accumulation	ar_a2a_same_stream	iter_time_mean				
piper	1f1b	8	2	2	0	0	3.177				
piper	1f1b	8	2	2	0	1	3.136				
piper	1f1b	8	2	3	0	0	4.231				
piper	1f1b	8	2	3	0	1	4.297				
											
											
Scalability											
pp	dp	torchtitan (zero3 + grad acc)	piper (zero3 + grad acc)	piper (zero2 + grad acc)	piper (grad acc)	% loss (vs zero3 or dp only)					
4	1	1.501			1.632	9					
4	2	3.857	4.725	3.285	oom	22					
4	4	6.079	6.572	4.248	oom	8					
8	1	1.749			1.965	12					
8	2	4.388	5.701	3.909	3.959	30					
8	4	6.804	7.772	4.928	5.058	14					
											
4	2	4.22557	3.5382	16							
											
ZeRO memory savings											
system	pp	ep	zero	grad acc	ar-a2a same stream	overlap-zero	iter time	rank 0 mem			
piper	8	2	0	off	off	off	3.959	10.447			
piper	8	2	2	off	off	off	3.909	5.551			
piper	8	2	3	off	off	off	5.701	6.733			
piper	8	4	0	off	off	off	5.058	10.447			
piper	8	4	2	off	off	off	4.928	5.073			
piper	8	4	3	off	off	off	7.772	6.097			
											
											
Baseline schedules											
system	schedule	pp	ep	zero_stage	gradient_accumulation	ar_a2a_same_stream	overlap_zero_ops	iter_time_mean	iter_time_stddev	peak_memory_gb_by_rank	
piper	1f1b	8	2	2	0	1	0	3.136			
piper	dualpipev	8	2	2	0	1	0	2.295			
piper	interleaved-1f1b	8	2	2	0	1	0	2.197			
piper	1f1b	8	2	3	0	1	0	4.297			
piper	dualpipev	8	2	3	0	1	0	4.800			
piper	interleaved-1f1b	8	2	3	0	1	0	3.589			